{
  "project_info": {
    "project_number": "820786609555",
    "project_id": "final-project-e032b",
    "storage_bucket": "final-project-e032b.appspot.com"
  },
  "client": [
    {
      "client_info": {
        "mobilesdk_app_id": "1:820786609555:android:4bcb6a2ba022d032613c66",
        "android_client_info": {
          "package_name": "com.example.finalproject"
        }
      },
      "oauth_client": [
        {
          "client_id": "820786609555-irrj2n8498k727s6a6h4p85g9rtifdn8.apps.googleusercontent.com",
          "client_type": 3
        }
      ],
      "api_key": [
        {
          "current_key": "AIzaSyAzbMX7pkkQo2nTEeXhtxBS9VuOjMIcPm0"
        }
      ],
      "services": {
        "appinvite_service": {
          "other_platform_oauth_client": [
            {
              "client_id": "820786609555-irrj2n8498k727s6a6h4p85g9rtifdn8.apps.googleusercontent.com",
              "client_type": 3
            }
          ]
        }
      }
    }
  ],
  "configuration_version": "1"
}